﻿<?xml version="1.0" encoding="UTF-8" standalone="yes"?>
<addon id="plugin.video.palcotv" name="[COLOR blue]PalcoTV   [COLOR gold]- Mod. Los 100 -[/COLOR]" version="0.3.5" provider-name="Juarrox">
  <requires>
    <import addon="xbmc.python" version="2.1.0"/>
	<import addon="script.module.t0mm0.common" version="1.0.0"/>
	<import addon="script.module.beautifulsoup" version="3.2.1"/>
	<import addon="script.common.plugin.cache"/>	
    <import addon="script.module.dateutil" version="2.4.2"/>	
	<import addon="script.module.requests"/> 
	<import addon="script.module.mctools"/>
	<import addon="script.module.dudehere.routines" />
	<import addon="script.module.youtube.dl" optional="true"/>    
	<import addon="plugin.video.youtube" optional="true"/>		
	<import addon="plugin.video.SportsDevil" optional="true"/>
	<import addon="plugin.video.p2p-streams" optional="true"/>
	<import addon="program.plexus" optional="true"/>	
    <import addon="script.module.urlresolver" optional="true"/>
  </requires>
  <extension point="xbmc.python.pluginsource" library="default.py">
        <provides>video</provides>
  </extension>
  <extension point="xbmc.addon.metadata">
    <summary lang="en">PalcoTV</summary>
    <description lang="en">[COLOR lightgreen][B]PalcoTV[/B][/COLOR] es una plataforma que te permite gestionar todos los contenidos multimedia a través de Kodi. Podrár crear tu add-on personal a partir de un skin XML (menú), listas M3U con potentes herramientas, gestor de archivos CBR/CBZ, módulos EPG, filtros de listas de películas, etc.[CR][CR]Este proyecto se mantiene vivo gracias al [COLOR lightgreen][B]PalcoTV Team[/B][/COLOR]: [I]Reig, DMO, Aquilesserr, MadQuark, V1k1ng0, Sebas, Quequino, DaniC, Paco y Juarrox.[/I]</description>
    <disclaimer lang="en">[B]Este addon es un mero ejercicio de aprendizaje de programación Python y se distribuye sin contenidos.[/B] Utilízalo bajo tu responsabilidad. Su autor queda eximido de toda responsabilidad si este addon se distribuye con acceso a contenidos protegidos por derechos de autor sin el permiso de sus creadores.</disclaimer>
    <platform>all</platform>
  </extension>
</addon>