<?xml version="1.0" encoding="UTF-8" standalone="yes"?>
<addon id="plugin.video.palcomaxbuild" name="PalcoMax Build" version="1.0" provider-name="www.informaticaglobaldariomo.blogspot.com.es">
  <requires>
    <import addon="xbmc.python" version="2.1.0"/>
  </requires>
  <extension point="xbmc.python.pluginsource" library="default.py">
        <provides>video executable</provides>
  </extension>
  <extension point="xbmc.addon.metadata">
    <summary lang="en">PalcoMax Build</summary>
    <description lang="en">5/10/16 Versión 1.0
Actualizador de los complementos de PalcoMax. </description>
    <platform>all</platform>
  </extension>
</addon>
