<?xml version="1.0" encoding="UTF-8" standalone="yes"?>
<addon id="plugin.video.PvrPalcoTV" name="PVR-PalcoTV" version="1.0.0" provider-name="PalcoTeam from Avigdor'PlayList Loader">
  <requires>
    <import addon="xbmc.python" version="2.1.0"/>
  </requires>
  <extension point="xbmc.python.pluginsource" library="default.py">
        <provides>video</provides>
  </extension>
  <extension point="xbmc.addon.metadata">
    <summary lang="en">PVR PalcoTV, es un Fork del Plugin PlayList Loader de Avigdor.</summary>
    <description lang="en">PVR PalcoTV, es un Fork del Plugin PlayList Loader de Avigdor. Añadida la Opción asignar y usar EPG en Listas.</description>
    <platform>all</platform>
  </extension>
</addon>
