<?xml version="1.0" encoding="UTF-8" standalone="yes"?>
<addon id="repository.repopalcomax" name="PALCOMAX REPO" version="1.0.0" provider-name="PALCOMAX">
	<extension point="xbmc.addon.repository" name="PalcoMax Repo">
		<info compressed="false">https://raw.githubusercontent.com/pmaxaddon/repopmax/master/addons.xml</info>
		<checksum>https://raw.githubusercontent.com/pmaxaddon/repopmax/master/addons.xml.md5</checksum>
                <datadir zip="true">https://raw.githubusercontent.com/pmaxaddon/repopmax/master</datadir>
	</extension>
	<extension point="xbmc.addon.metadata">
		<summary>PalcoMax Repo</summary>
   		<description lang="es">Repositorio para actualizar los complementos de PalcoMax</description>
		<disclaimer></disclaimer>
		<platform>all</platform>
	</extension>
</addon>