<?xml version="1.0" encoding="utf-8" standalone="yes"?>
<channel>
	<id>locopelis</id>
	<name>LOCOPELIS</name>

	<active>true</active>
	<adult>false</adult>
	<language>es</language>

	<fanart></fanart>
	<thumbnail>https://s31.postimg.org/5worjw2nv/locopelis.png</thumbnail>
	<bannermenu>https://s31.postimg.org/ng87bb9jv/locopelis_banner.png</bannermenu>

	<categories>
		<category>latino</category>
		<category>movie</category>
	</categories>

	<settings>
		<include_in_global_search>false</include_in_global_search>
	</settings>
</channel>
