<?xml version="1.0" encoding="utf-8" standalone="yes"?>
<channel>
	<id>qserie</id>
	<name>QSerie</name>

	<active>true</active>
	<adult>false</adult>
	<language>es</language>

	<fanart></fanart>
	<thumbnail>https://s31.postimg.org/dousrbu9n/qserie.png</thumbnail>
	<bannermenu>https://s32.postimg.org/nk1quq1wl/qserie_banner.png</bannermenu>

	<categories>
		<category>latino</category>
		<category>serie</category>
	</categories>

	<settings>
		<include_in_global_search>false</include_in_global_search>
	</settings>
</channel>
