<?xml version="1.0" encoding="utf-8" standalone="yes"?>
<channel>
	<id>update_sports</id>
	<name>Actualizador Mod Deportes</name>

	<active>true</active>
	<adult>false</adult>
	<language>es</language>

	<fanart></fanart>
	<thumbnail>http://i.imgur.com/4vQwJwy.png?1</thumbnail>
	<bannermenu></bannermenu>

	<update_url></update_url>
	<version>0.54</version>
	<date>02/10/2016</date>
	<changes>Nueva función:ventana info de partido. Nuevo canal LukasGTR gracias a Puking. Reparados lfootballws, socceryou y privatehd.</changes>

	<categories>
		<category>all</category>
		<category>deportes</category>
	</categories>

	<settings>
		<include_in_global_search>false</include_in_global_search>
	</settings>
	<settings>
		<id>updater</id>
		<type>list</type>
		<label>Comprobar actualizaciones del mod</label>
		<default>3</default>
		<enabled>true</enabled>
		<visible>true</visible>
		<lvalues>Al iniciar pelisalacarta y menú Deportes</lvalues>
		<lvalues>Al entrar en el menú Deportes</lvalues>
		<lvalues>Al iniciar pelisalacarta</lvalues>
		<lvalues>Nunca</lvalues>
	</settings>
	<settings>
		<id>automatico</id>
		<type>bool</type>
		<label>Actualizar automáticamente</label>
 		<default>false</default>
 		<enabled>true</enabled>
 		<visible>true</visible>
 	</settings>
	<settings>
		<id>noupdate</id>
		<type>bool</type>
 		<default>false</default>
 		<enabled>true</enabled>
 		<visible>false</visible>
 	</settings>
	<settings>
		<id>primeruso</id>
		<type>bool</type>
 		<default>true</default>
 		<enabled>true</enabled>
 		<visible>false</visible>
 	</settings>
	<settings>
		<id>folder_update</id>
		<type>bool</type>
 		<default>false</default>
 		<enabled>true</enabled>
 		<visible>false</visible>
 	</settings>
</channel>
